x(m), y(m), heading(deg)
5.000, 4.000, 5.39
49.577, 8.208, -83.36
49.588, 8.107, -82.19
49.602, 8.007, -81.03
49.618, 7.907, -79.87
49.636, 7.807, -78.71
49.656, 7.708, -77.55
49.677, 7.609, -76.39
49.701, 7.510, -75.23
49.727, 7.412, -74.07
49.755, 7.315, -72.91
49.785, 7.218, -71.74
49.816, 7.122, -70.58
49.850, 7.026, -69.42
49.886, 6.931, -68.26
49.923, 6.837, -67.10
49.963, 6.744, -65.94
50.004, 6.651, -64.78
50.047, 6.560, -63.62
50.092, 6.469, -62.46
50.139, 6.379, -61.29
50.188, 6.290, -60.13
50.238, 6.202, -58.97
50.290, 6.116, -57.81
50.344, 6.030, -56.65
50.400, 5.945, -55.49
50.457, 5.862, -54.33
50.517, 5.779, -53.17
50.577, 5.698, -52.01
50.640, 5.618, -50.85
50.704, 5.540, -49.68
50.769, 5.463, -48.52
50.836, 5.387, -47.36
50.905, 5.312, -46.20
50.975, 5.239, -45.04
51.047, 5.167, -43.88
51.120, 5.097, -42.72
51.194, 5.028, -41.56
51.270, 4.961, -40.40
51.347, 4.895, -39.23
51.426, 4.831, -38.07
51.505, 4.769, -36.91
51.586, 4.708, -35.75
51.669, 4.649, -34.59
51.752, 4.591, -33.43
51.837, 4.535, -32.27
51.922, 4.481, -31.11
52.009, 4.429, -29.95
52.097, 4.378, -28.79
52.186, 4.330, -27.62
52.275, 4.283, -26.46
52.366, 4.238, -25.30
52.458, 4.194, -24.14
52.550, 4.153, -22.98
52.643, 4.113, -21.82
52.737, 4.076, -20.66
52.832, 4.040, -19.50
52.928, 4.006, -18.34
53.024, 3.974, -17.17
53.121, 3.944, -16.01
53.218, 3.916, -14.85
53.316, 3.890, -13.69
53.415, 3.866, -12.53
53.513, 3.844, -11.37
53.613, 3.824, -10.21
53.712, 3.806, -9.05
53.813, 3.791, -7.89
53.913, 3.777, -6.72
54.014, 3.765, -5.56
54.114, 3.755, -4.40
54.215, 3.747, -3.24
54.317, 3.741, -2.08
54.418, 3.738, -0.92
54.519, 3.736, 0.24
54.620, 3.737, 1.40
54.722, 3.739, 2.56
54.823, 3.744, 3.72
54.924, 3.750, 4.89
55.025, 3.759, 6.05
55.126, 3.769, 7.21
55.226, 3.782, 8.37
55.327, 3.797, 9.53
55.426, 3.814, 10.69
55.526, 3.832, 11.85
55.625, 3.853, 13.01
55.724, 3.876, 14.17
55.822, 3.901, 15.34
55.920, 3.928, 16.50
56.017, 3.956, 17.66
56.114, 3.987, 18.82
56.209, 4.020, 19.98
56.305, 4.055, 21.14
56.399, 4.091, 22.30
56.493, 4.129, 23.46
56.586, 4.170, 24.62
56.678, 4.212, 25.79
56.769, 4.256, 26.95
56.859, 4.302, 28.11
56.949, 4.350, 29.27
57.037, 4.399, 30.43
57.125, 4.451, 31.59
57.211, 4.504, 32.75
57.296, 4.559, 33.91
57.380, 4.615, 35.07
57.463, 4.673, 36.23
57.545, 4.733, 37.40
57.625, 4.795, 38.56
57.705, 4.858, 39.72
57.783, 4.923, 40.88
57.859, 4.989, 42.04
57.934, 5.057, 43.20
58.008, 5.126, 44.36
58.081, 5.197, 45.52
58.152, 5.269, 46.68
58.221, 5.343, 47.85
58.289, 5.418, 49.01
58.356, 5.495, 50.17
58.421, 5.572, 51.33
58.484, 5.651, 52.49
58.546, 5.732, 53.65
58.606, 5.813, 54.81
58.664, 5.896, 55.97
58.721, 5.980, 57.13
58.776, 6.065, 58.29
58.829, 6.152, 59.46
58.880, 6.239, 60.62
58.930, 6.327, 61.78
58.978, 6.416, 62.94
59.024, 6.507, 64.10
59.068, 6.598, 65.26
59.111, 6.690, 66.42
59.151, 6.783, 67.58
59.190, 6.876, 68.74
59.227, 6.971, 69.91
59.261, 7.066, 71.07
59.294, 7.162, 72.23
59.325, 7.258, 73.39
59.354, 7.355, 74.55
59.381, 7.453, 75.71
59.406, 7.551, 76.87
59.429, 7.650, 78.03
59.450, 7.749, 79.19
59.469, 7.848, 80.36
59.486, 7.948, 81.52
59.501, 8.049, 82.68
59.514, 8.149, -3.40
92.122, 6.214, 98.18
91.410, 11.163, -177.11
10.000, 7.059, 0.00
92.000, 7.059, -178.31
48.602, 5.780, 93.00
48.597, 5.881, 94.16
48.590, 5.982, 95.32
48.580, 6.083, 96.48
48.569, 6.183, 97.64
48.555, 6.283, 98.79
48.540, 6.383, 99.95
48.522, 6.483, 101.11
48.503, 6.582, 102.27
48.482, 6.681, 103.43
48.458, 6.779, 104.59
48.433, 6.877, 105.74
48.405, 6.974, 106.90
48.376, 7.071, 108.06
48.344, 7.167, 109.22
48.311, 7.262, 110.38
48.276, 7.357, 111.53
48.239, 7.451, 112.69
48.200, 7.545, 113.85
48.159, 7.637, 115.01
48.116, 7.729, 116.17
48.072, 7.819, 117.33
48.025, 7.909, 118.48
47.977, 7.998, 119.64
47.927, 8.086, 120.80
47.875, 8.173, 121.96
47.822, 8.258, 123.12
47.767, 8.343, 124.28
47.710, 8.427, 125.43
47.651, 8.509, 126.59
47.591, 8.590, 127.75
47.529, 8.670, 128.91
47.466, 8.749, 130.07
47.400, 8.826, 131.22
47.334, 8.902, 132.38
47.266, 8.977, 133.54
47.196, 9.050, 134.70
47.125, 9.122, 135.86
47.052, 9.192, 137.02
46.979, 9.261, 138.17
46.903, 9.328, 139.33
46.827, 9.394, 140.49
46.749, 9.459, 141.65
46.669, 9.521, 142.81
46.589, 9.582, 143.97
46.507, 9.642, 145.12
46.424, 9.700, 146.28
46.340, 9.756, 147.44
46.255, 9.810, 148.60
46.169, 9.863, 149.76
46.081, 9.914, 150.92
45.993, 9.963, 152.07
45.904, 10.010, 153.23
45.813, 10.056, 154.39
45.722, 10.099, 155.55
45.630, 10.141, 156.71
45.537, 10.181, 157.86
45.444, 10.219, 159.02
45.349, 10.255, 160.18
45.254, 10.290, 161.34
45.159, 10.322, 162.50
45.062, 10.353, 163.66
44.965, 10.381, 164.81
44.868, 10.407, 165.97
44.770, 10.432, 167.13
44.671, 10.454, 168.29
44.572, 10.475, 169.45
44.473, 10.493, 170.61
44.373, 10.510, 171.76
44.273, 10.524, 172.92
44.173, 10.537, 174.08
44.072, 10.547, 175.24
43.971, 10.556, 176.40
43.871, 10.562, 177.55
43.770, 10.566, 178.71
43.668, 10.569, 179.87
43.567, 10.569, -178.97
43.466, 10.567, -177.81
43.365, 10.563, -176.65
43.264, 10.557, -175.50
43.164, 10.549, -174.34
43.063, 10.539, -173.18
42.963, 10.527, -172.02
42.863, 10.513, -170.86
42.763, 10.497, -169.70
42.663, 10.479, -168.55
42.564, 10.459, -167.39
42.466, 10.437, -166.23
42.368, 10.413, -165.07
42.270, 10.387, -163.91
42.173, 10.359, -162.75
42.076, 10.329, -161.60
41.980, 10.297, -160.44
41.885, 10.263, -159.28
41.791, 10.228, -158.12
41.697, 10.190, -156.96
41.604, 10.150, -155.81
41.512, 10.109, -154.65
41.420, 10.066, -153.49
41.330, 10.020, -152.33
41.240, 9.974, -151.17
41.152, 9.925, -150.01
41.064, 9.874, -148.86
40.978, 9.822, -147.70
40.892, 9.768, -146.54
40.808, 9.712, -145.38
40.725, 9.655, -144.22
40.643, 9.596, -143.06
40.562, 9.535, -141.91
40.482, 9.473, -140.75
40.404, 9.409, -139.59
40.327, 9.343, -138.43
40.252, 9.276, -137.27
40.177, 9.208, -136.12
40.104, 9.137, -134.96
40.033, 9.066, -133.80
39.963, 8.993, -132.64
39.895, 8.919, -131.48
39.828, 8.843, -130.32
39.762, 8.766, -129.17
39.698, 8.688, -128.01
39.636, 8.608, -126.85
39.576, 8.527, -125.69
39.517, 8.445, -124.53
39.459, 8.362, -123.37
39.404, 8.277, -122.22
39.350, 8.192, -121.06
39.298, 8.105, -119.90
39.247, 8.018, -118.74
39.199, 7.929, -117.58
39.152, 7.839, -116.42
39.107, 7.749, -115.27
39.064, 7.657, -114.11
39.022, 7.565, -112.95
38.983, 7.472, -111.79
38.946, 7.378, -110.63
38.910, 7.284, -109.48
38.876, 7.188, -108.32
38.844, 7.092, -107.16
38.815, 6.996, -106.00
38.787, 6.899, -104.84
38.761, 6.801, -103.68
38.737, 6.703, -102.53
38.715, 6.604, -101.37
38.695, 6.505, 171.77
7.878, 10.963, -81.82
8.590, 6.014, 2.89
90.000, 10.118, 180.00
5.000, 10.118, 5.39
49.577, 14.325, -83.36
49.588, 14.225, -82.19
49.602, 14.124, -81.03
49.618, 14.024, -79.87
49.636, 13.925, -78.71
49.656, 13.825, -77.55
49.677, 13.726, -76.39
49.701, 13.628, -75.23
49.727, 13.530, -74.07
49.755, 13.432, -72.91
49.785, 13.336, -71.74
49.816, 13.239, -70.58
49.850, 13.144, -69.42
49.886, 13.049, -68.26
49.923, 12.955, -67.10
49.963, 12.862, -65.94
50.004, 12.769, -64.78
50.047, 12.677, -63.62
50.092, 12.587, -62.46
50.139, 12.497, -61.29
50.188, 12.408, -60.13
50.238, 12.320, -58.97
50.290, 12.233, -57.81
50.344, 12.147, -56.65
50.400, 12.063, -55.49
50.457, 11.979, -54.33
50.517, 11.897, -53.17
50.577, 11.816, -52.01
50.640, 11.736, -50.85
50.704, 11.657, -49.68
50.769, 11.580, -48.52
50.836, 11.504, -47.36
50.905, 11.430, -46.20
50.975, 11.357, -45.04
51.047, 11.285, -43.88
51.120, 11.215, -42.72
51.194, 11.146, -41.56
51.270, 11.079, -40.40
51.347, 11.013, -39.23
51.426, 10.949, -38.07
51.505, 10.887, -36.91
51.586, 10.826, -35.75
51.669, 10.766, -34.59
51.752, 10.709, -33.43
51.837, 10.653, -32.27
51.922, 10.599, -31.11
52.009, 10.547, -29.95
52.097, 10.496, -28.79
52.186, 10.447, -27.62
52.275, 10.400, -26.46
52.366, 10.355, -25.30
52.458, 10.312, -24.14
52.550, 10.270, -22.98
52.643, 10.231, -21.82
52.737, 10.193, -20.66
52.832, 10.158, -19.50
52.928, 10.124, -18.34
53.024, 10.092, -17.17
53.121, 10.062, -16.01
53.218, 10.034, -14.85
53.316, 10.008, -13.69
53.415, 9.984, -12.53
53.513, 9.962, -11.37
53.613, 9.942, -10.21
53.712, 9.924, -9.05
53.813, 9.908, -7.89
53.913, 9.894, -6.72
54.014, 9.882, -5.56
54.114, 9.873, -4.40
54.215, 9.865, -3.24
54.317, 9.859, -2.08
54.418, 9.855, -0.92
54.519, 9.854, 0.24
54.620, 9.854, 1.40
54.722, 9.857, 2.56
54.823, 9.861, 3.72
54.924, 9.868, 4.89
55.025, 9.876, 6.05
55.126, 9.887, 7.21
55.226, 9.900, 8.37
55.327, 9.915, 9.53
55.426, 9.931, 10.69
55.526, 9.950, 11.85
55.625, 9.971, 13.01
55.724, 9.994, 14.17
55.822, 10.019, 15.34
55.920, 10.045, 16.50
56.017, 10.074, 17.66
56.114, 10.105, 18.82
56.209, 10.138, 19.98
56.305, 10.172, 21.14
56.399, 10.209, 22.30
56.493, 10.247, 23.46
56.586, 10.287, 24.62
56.678, 10.330, 25.79
56.769, 10.374, 26.95
56.859, 10.420, 28.11
56.949, 10.467, 29.27
57.037, 10.517, 30.43
57.125, 10.568, 31.59
57.211, 10.621, 32.75
57.296, 10.676, 33.91
57.380, 10.733, 35.07
57.463, 10.791, 36.23
57.545, 10.851, 37.40
57.625, 10.912, 38.56
57.705, 10.975, 39.72
57.783, 11.040, 40.88
57.859, 11.107, 42.04
57.934, 11.174, 43.20
58.008, 11.244, 44.36
58.081, 11.315, 45.52
58.152, 11.387, 46.68
58.221, 11.461, 47.85
58.289, 11.536, 49.01
58.356, 11.612, 50.17
58.421, 11.690, 51.33
58.484, 11.769, 52.49
58.546, 11.849, 53.65
58.606, 11.931, 54.81
58.664, 12.014, 55.97
58.721, 12.098, 57.13
58.776, 12.183, 58.29
58.829, 12.269, 59.46
58.880, 12.356, 60.62
58.930, 12.445, 61.78
58.978, 12.534, 62.94
59.024, 12.624, 64.10
59.068, 12.715, 65.26
59.111, 12.807, 66.42
59.151, 12.900, 67.58
59.190, 12.994, 68.74
59.227, 13.088, 69.91
59.261, 13.183, 71.07
59.294, 13.279, 72.23
59.325, 13.376, 73.39
59.354, 13.473, 74.55
59.381, 13.571, 75.71
59.406, 13.669, 76.87
59.429, 13.767, 78.03
59.450, 13.867, 79.19
59.469, 13.966, 80.36
59.486, 14.066, 81.52
59.501, 14.166, 82.68
59.514, 14.267, -3.40
92.122, 12.331, 98.18
91.410, 17.280, -177.11
10.000, 13.176, 0.00
92.000, 13.176, -178.31
48.602, 11.898, 93.00
48.597, 11.999, 94.16
48.590, 12.100, 95.32
48.580, 12.200, 96.48
48.569, 12.301, 97.64
48.555, 12.401, 98.79
48.540, 12.501, 99.95
48.522, 12.601, 101.11
48.503, 12.700, 102.27
48.482, 12.798, 103.43
48.458, 12.897, 104.59
48.433, 12.995, 105.74
48.405, 13.092, 106.90
48.376, 13.189, 108.06
48.344, 13.285, 109.22
48.311, 13.380, 110.38
48.276, 13.475, 111.53
48.239, 13.569, 112.69
48.200, 13.662, 113.85
48.159, 13.755, 115.01
48.116, 13.846, 116.17
48.072, 13.937, 117.33
48.025, 14.027, 118.48
47.977, 14.116, 119.64
47.927, 14.203, 120.80
47.875, 14.290, 121.96
47.822, 14.376, 123.12
47.767, 14.461, 124.28
47.710, 14.544, 125.43
47.651, 14.627, 126.59
47.591, 14.708, 127.75
47.529, 14.788, 128.91
47.466, 14.866, 130.07
47.400, 14.944, 131.22
47.334, 15.020, 132.38
47.266, 15.094, 133.54
47.196, 15.168, 134.70
47.125, 15.239, 135.86
47.052, 15.310, 137.02
46.979, 15.379, 138.17
46.903, 15.446, 139.33
46.827, 15.512, 140.49
46.749, 15.576, 141.65
46.669, 15.639, 142.81
46.589, 15.700, 143.97
46.507, 15.760, 145.12
46.424, 15.817, 146.28
46.340, 15.873, 147.44
46.255, 15.928, 148.60
46.169, 15.980, 149.76
46.081, 16.031, 150.92
45.993, 16.081, 152.07
45.904, 16.128, 153.23
45.813, 16.173, 154.39
45.722, 16.217, 155.55
45.630, 16.259, 156.71
45.537, 16.299, 157.86
45.444, 16.337, 159.02
45.349, 16.373, 160.18
45.254, 16.407, 161.34
45.159, 16.440, 162.50
45.062, 16.470, 163.66
44.965, 16.499, 164.81
44.868, 16.525, 165.97
44.770, 16.550, 167.13
44.671, 16.572, 168.29
44.572, 16.593, 169.45
44.473, 16.611, 170.61
44.373, 16.628, 171.76
44.273, 16.642, 172.92
44.173, 16.655, 174.08
44.072, 16.665, 175.24
43.971, 16.673, 176.40
43.871, 16.680, 177.55
43.770, 16.684, 178.71
43.668, 16.686, 179.87
43.567, 16.687, -178.97
43.466, 16.685, -177.81
43.365, 16.681, -176.65
43.264, 16.675, -175.50
43.164, 16.667, -174.34
43.063, 16.657, -173.18
42.963, 16.645, -172.02
42.863, 16.631, -170.86
42.763, 16.615, -169.70
42.663, 16.597, -168.55
42.564, 16.577, -167.39
42.466, 16.555, -166.23
42.368, 16.531, -165.07
42.270, 16.505, -163.91
42.173, 16.477, -162.75
42.076, 16.447, -161.60
41.980, 16.415, -160.44
41.885, 16.381, -159.28
41.791, 16.345, -158.12
41.697, 16.307, -156.96
41.604, 16.268, -155.81
41.512, 16.227, -154.65
41.420, 16.183, -153.49
41.330, 16.138, -152.33
41.240, 16.091, -151.17
41.152, 16.042, -150.01
41.064, 15.992, -148.86
40.978, 15.940, -147.70
40.892, 15.886, -146.54
40.808, 15.830, -145.38
40.725, 15.772, -144.22
40.643, 15.713, -143.06
40.562, 15.653, -141.91
40.482, 15.590, -140.75
40.404, 15.526, -139.59
40.327, 15.461, -138.43
40.252, 15.394, -137.27
40.177, 15.325, -136.12
40.104, 15.255, -134.96
40.033, 15.184, -133.80
39.963, 15.111, -132.64
39.895, 15.036, -131.48
39.828, 14.961, -130.32
39.762, 14.884, -129.17
39.698, 14.805, -128.01
39.636, 14.726, -126.85
39.576, 14.645, -125.69
39.517, 14.563, -124.53
39.459, 14.479, -123.37
39.404, 14.395, -122.22
39.350, 14.309, -121.06
39.298, 14.223, -119.90
39.247, 14.135, -118.74
39.199, 14.047, -117.58
39.152, 13.957, -116.42
39.107, 13.866, -115.27
39.064, 13.775, -114.11
39.022, 13.683, -112.95
38.983, 13.590, -111.79
38.946, 13.496, -110.63
38.910, 13.401, -109.48
38.876, 13.306, -108.32
38.844, 13.210, -107.16
38.815, 13.113, -106.00
38.787, 13.016, -104.84
38.761, 12.919, -103.68
38.737, 12.820, -102.53
38.715, 12.722, -101.37
38.695, 12.623, 171.77
7.878, 17.080, -81.82
8.590, 12.131, 2.89
90.000, 16.235, 180.00
5.000, 16.235, 5.39
49.577, 20.443, -83.36
49.588, 20.342, -82.19
49.602, 20.242, -81.03
49.618, 20.142, -79.87
49.636, 20.042, -78.71
49.656, 19.943, -77.55
49.677, 19.844, -76.39
49.701, 19.745, -75.23
49.727, 19.648, -74.07
49.755, 19.550, -72.91
49.785, 19.453, -71.74
49.816, 19.357, -70.58
49.850, 19.261, -69.42
49.886, 19.167, -68.26
49.923, 19.072, -67.10
49.963, 18.979, -65.94
50.004, 18.887, -64.78
50.047, 18.795, -63.62
50.092, 18.704, -62.46
50.139, 18.614, -61.29
50.188, 18.525, -60.13
50.238, 18.438, -58.97
50.290, 18.351, -57.81
50.344, 18.265, -56.65
50.400, 18.180, -55.49
50.457, 18.097, -54.33
50.517, 18.015, -53.17
50.577, 17.934, -52.01
50.640, 17.854, -50.85
50.704, 17.775, -49.68
50.769, 17.698, -48.52
50.836, 17.622, -47.36
50.905, 17.547, -46.20
50.975, 17.474, -45.04
51.047, 17.403, -43.88
51.120, 17.332, -42.72
51.194, 17.264, -41.56
51.270, 17.196, -40.40
51.347, 17.131, -39.23
51.426, 17.067, -38.07
51.505, 17.004, -36.91
51.586, 16.943, -35.75
51.669, 16.884, -34.59
51.752, 16.827, -33.43
51.837, 16.771, -32.27
51.922, 16.717, -31.11
52.009, 16.664, -29.95
52.097, 16.614, -28.79
52.186, 16.565, -27.62
52.275, 16.518, -26.46
52.366, 16.473, -25.30
52.458, 16.430, -24.14
52.550, 16.388, -22.98
52.643, 16.349, -21.82
52.737, 16.311, -20.66
52.832, 16.275, -19.50
52.928, 16.241, -18.34
53.024, 16.209, -17.17
53.121, 16.180, -16.01
53.218, 16.152, -14.85
53.316, 16.126, -13.69
53.415, 16.102, -12.53
53.513, 16.080, -11.37
53.613, 16.060, -10.21
53.712, 16.042, -9.05
53.813, 16.026, -7.89
53.913, 16.012, -6.72
54.014, 16.000, -5.56
54.114, 15.990, -4.40
54.215, 15.982, -3.24
54.317, 15.977, -2.08
54.418, 15.973, -0.92
54.519, 15.971, 0.24
54.620, 15.972, 1.40
54.722, 15.974, 2.56
54.823, 15.979, 3.72
54.924, 15.985, 4.89
55.025, 15.994, 6.05
55.126, 16.005, 7.21
55.226, 16.017, 8.37
55.327, 16.032, 9.53
55.426, 16.049, 10.69
55.526, 16.068, 11.85
55.625, 16.089, 13.01
55.724, 16.111, 14.17
55.822, 16.136, 15.34
55.920, 16.163, 16.50
56.017, 16.192, 17.66
56.114, 16.222, 18.82
56.209, 16.255, 19.98
56.305, 16.290, 21.14
56.399, 16.326, 22.30
56.493, 16.365, 23.46
56.586, 16.405, 24.62
56.678, 16.447, 25.79
56.769, 16.491, 26.95
56.859, 16.537, 28.11
56.949, 16.585, 29.27
57.037, 16.635, 30.43
57.125, 16.686, 31.59
57.211, 16.739, 32.75
57.296, 16.794, 33.91
57.380, 16.850, 35.07
57.463, 16.909, 36.23
57.545, 16.968, 37.40
57.625, 17.030, 38.56
57.705, 17.093, 39.72
57.783, 17.158, 40.88
57.859, 17.224, 42.04
57.934, 17.292, 43.20
58.008, 17.361, 44.36
58.081, 17.432, 45.52
58.152, 17.505, 46.68
58.221, 17.578, 47.85
58.289, 17.653, 49.01
58.356, 17.730, 50.17
58.421, 17.808, 51.33
58.484, 17.887, 52.49
58.546, 17.967, 53.65
58.606, 18.049, 54.81
58.664, 18.132, 55.97
58.721, 18.216, 57.13
58.776, 18.301, 58.29
58.829, 18.387, 59.46
58.880, 18.474, 60.62
58.930, 18.562, 61.78
58.978, 18.652, 62.94
59.024, 18.742, 64.10
59.068, 18.833, 65.26
59.111, 18.925, 66.42
59.151, 19.018, 67.58
59.190, 19.112, 68.74
59.227, 19.206, 69.91
59.261, 19.301, 71.07
59.294, 19.397, 72.23
59.325, 19.493, 73.39
59.354, 19.591, 74.55
59.381, 19.688, 75.71
59.406, 19.786, 76.87
59.429, 19.885, 78.03
59.450, 19.984, 79.19
59.469, 20.084, 80.36
59.486, 20.184, 81.52
59.501, 20.284, 82.68
59.514, 20.384, -3.40
92.122, 18.449, 98.18
91.410, 23.398, -177.11
10.000, 19.294, 0.00
92.000, 19.294, -178.31
48.602, 18.016, 93.00
48.597, 18.117, 94.16
48.590, 18.218, 95.32
48.580, 18.318, 96.48
48.569, 18.419, 97.64
48.555, 18.519, 98.79
48.540, 18.619, 99.95
48.522, 18.718, 101.11
48.503, 18.817, 102.27
48.482, 18.916, 103.43
48.458, 19.014, 104.59
48.433, 19.112, 105.74
48.405, 19.210, 106.90
48.376, 19.306, 108.06
48.344, 19.402, 109.22
48.311, 19.498, 110.38
48.276, 19.593, 111.53
48.239, 19.687, 112.69
48.200, 19.780, 113.85
48.159, 19.872, 115.01
48.116, 19.964, 116.17
48.072, 20.055, 117.33
48.025, 20.144, 118.48
47.977, 20.233, 119.64
47.927, 20.321, 120.80
47.875, 20.408, 121.96
47.822, 20.494, 123.12
47.767, 20.578, 124.28
47.710, 20.662, 125.43
47.651, 20.744, 126.59
47.591, 20.825, 127.75
47.529, 20.905, 128.91
47.466, 20.984, 130.07
47.400, 21.061, 131.22
47.334, 21.137, 132.38
47.266, 21.212, 133.54
47.196, 21.285, 134.70
47.125, 21.357, 135.86
47.052, 21.427, 137.02
46.979, 21.496, 138.17
46.903, 21.564, 139.33
46.827, 21.630, 140.49
46.749, 21.694, 141.65
46.669, 21.757, 142.81
46.589, 21.818, 143.97
46.507, 21.877, 145.12
46.424, 21.935, 146.28
46.340, 21.991, 147.44
46.255, 22.045, 148.60
46.169, 22.098, 149.76
46.081, 22.149, 150.92
45.993, 22.198, 152.07
45.904, 22.246, 153.23
45.813, 22.291, 154.39
45.722, 22.335, 155.55
45.630, 22.377, 156.71
45.537, 22.417, 157.86
45.444, 22.455, 159.02
45.349, 22.491, 160.18
45.254, 22.525, 161.34
45.159, 22.557, 162.50
45.062, 22.588, 163.66
44.965, 22.616, 164.81
44.868, 22.643, 165.97
44.770, 22.667, 167.13
44.671, 22.690, 168.29
44.572, 22.710, 169.45
44.473, 22.729, 170.61
44.373, 22.745, 171.76
44.273, 22.760, 172.92
44.173, 22.772, 174.08
44.072, 22.783, 175.24
43.971, 22.791, 176.40
43.871, 22.797, 177.55
43.770, 22.802, 178.71
43.668, 22.804, 179.87
43.567, 22.804, -178.97
43.466, 22.802, -177.81
43.365, 22.798, -176.65
43.264, 22.793, -175.50
43.164, 22.785, -174.34
43.063, 22.775, -173.18
42.963, 22.763, -172.02
42.863, 22.749, -170.86
42.763, 22.733, -169.70
42.663, 22.715, -168.55
42.564, 22.694, -167.39
42.466, 22.672, -166.23
42.368, 22.648, -165.07
42.270, 22.622, -163.91
42.173, 22.594, -162.75
42.076, 22.564, -161.60
41.980, 22.532, -160.44
41.885, 22.499, -159.28
41.791, 22.463, -158.12
41.697, 22.425, -156.96
41.604, 22.386, -155.81
41.512, 22.344, -154.65
41.420, 22.301, -153.49
41.330, 22.256, -152.33
41.240, 22.209, -151.17
41.152, 22.160, -150.01
41.064, 22.110, -148.86
40.978, 22.057, -147.70
40.892, 22.003, -146.54
40.808, 21.948, -145.38
40.725, 21.890, -144.22
40.643, 21.831, -143.06
40.562, 21.770, -141.91
40.482, 21.708, -140.75
40.404, 21.644, -139.59
40.327, 21.578, -138.43
40.252, 21.511, -137.27
40.177, 21.443, -136.12
40.104, 21.373, -134.96
40.033, 21.301, -133.80
39.963, 21.228, -132.64
39.895, 21.154, -131.48
39.828, 21.078, -130.32
39.762, 21.001, -129.17
39.698, 20.923, -128.01
39.636, 20.843, -126.85
39.576, 20.762, -125.69
39.517, 20.680, -124.53
39.459, 20.597, -123.37
39.404, 20.513, -122.22
39.350, 20.427, -121.06
39.298, 20.340, -119.90
39.247, 20.253, -118.74
39.199, 20.164, -117.58
39.152, 20.075, -116.42
39.107, 19.984, -115.27
39.064, 19.893, -114.11
39.022, 19.800, -112.95
38.983, 19.707, -111.79
38.946, 19.613, -110.63
38.910, 19.519, -109.48
38.876, 19.424, -108.32
38.844, 19.328, -107.16
38.815, 19.231, -106.00
38.787, 19.134, -104.84
38.761, 19.036, -103.68
38.737, 18.938, -102.53
38.715, 18.839, -101.37
38.695, 18.740, 171.77
7.878, 23.198, -81.82
8.590, 18.249, 2.89
90.000, 22.353, 180.00
5.000, 22.353, 5.39
49.577, 26.561, -83.36
49.588, 26.460, -82.19
49.602, 26.360, -81.03
49.618, 26.260, -79.87
49.636, 26.160, -78.71
49.656, 26.061, -77.55
49.677, 25.962, -76.39
49.701, 25.863, -75.23
49.727, 25.765, -74.07
49.755, 25.668, -72.91
49.785, 25.571, -71.74
49.816, 25.475, -70.58
49.850, 25.379, -69.42
49.886, 25.284, -68.26
49.923, 25.190, -67.10
49.963, 25.097, -65.94
50.004, 25.004, -64.78
50.047, 24.913, -63.62
50.092, 24.822, -62.46
50.139, 24.732, -61.29
50.188, 24.643, -60.13
50.238, 24.555, -58.97
50.290, 24.468, -57.81
50.344, 24.383, -56.65
50.400, 24.298, -55.49
50.457, 24.215, -54.33
50.517, 24.132, -53.17
50.577, 24.051, -52.01
50.640, 23.971, -50.85
50.704, 23.893, -49.68
50.769, 23.816, -48.52
50.836, 23.740, -47.36
50.905, 23.665, -46.20
50.975, 23.592, -45.04
51.047, 23.520, -43.88
51.120, 23.450, -42.72
51.194, 23.381, -41.56
51.270, 23.314, -40.40
51.347, 23.248, -39.23
51.426, 23.184, -38.07
51.505, 23.122, -36.91
51.586, 23.061, -35.75
51.669, 23.002, -34.59
51.752, 22.944, -33.43
51.837, 22.888, -32.27
51.922, 22.834, -31.11
52.009, 22.782, -29.95
52.097, 22.731, -28.79
52.186, 22.683, -27.62
52.275, 22.636, -26.46
52.366, 22.591, -25.30
52.458, 22.547, -24.14
52.550, 22.506, -22.98
52.643, 22.466, -21.82
52.737, 22.429, -20.66
52.832, 22.393, -19.50
52.928, 22.359, -18.34
53.024, 22.327, -17.17
53.121, 22.297, -16.01
53.218, 22.269, -14.85
53.316, 22.243, -13.69
53.415, 22.219, -12.53
53.513, 22.197, -11.37
53.613, 22.177, -10.21
53.712, 22.159, -9.05
53.813, 22.143, -7.89
53.913, 22.130, -6.72
54.014, 22.118, -5.56
54.114, 22.108, -4.40
54.215, 22.100, -3.24
54.317, 22.094, -2.08
54.418, 22.091, -0.92
54.519, 22.089, 0.24
54.620, 22.089, 1.40
54.722, 22.092, 2.56
54.823, 22.096, 3.72
54.924, 22.103, 4.89
55.025, 22.112, 6.05
55.126, 22.122, 7.21
55.226, 22.135, 8.37
55.327, 22.150, 9.53
55.426, 22.167, 10.69
55.526, 22.185, 11.85
55.625, 22.206, 13.01
55.724, 22.229, 14.17
55.822, 22.254, 15.34
55.920, 22.281, 16.50
56.017, 22.309, 17.66
56.114, 22.340, 18.82
56.209, 22.373, 19.98
56.305, 22.407, 21.14
56.399, 22.444, 22.30
56.493, 22.482, 23.46
56.586, 22.523, 24.62
56.678, 22.565, 25.79
56.769, 22.609, 26.95
56.859, 22.655, 28.11
56.949, 22.703, 29.27
57.037, 22.752, 30.43
57.125, 22.804, 31.59
57.211, 22.857, 32.75
57.296, 22.911, 33.91
57.380, 22.968, 35.07
57.463, 23.026, 36.23
57.545, 23.086, 37.40
57.625, 23.148, 38.56
57.705, 23.211, 39.72
57.783, 23.276, 40.88
57.859, 23.342, 42.04
57.934, 23.410, 43.20
58.008, 23.479, 44.36
58.081, 23.550, 45.52
58.152, 23.622, 46.68
58.221, 23.696, 47.85
58.289, 23.771, 49.01
58.356, 23.847, 50.17
58.421, 23.925, 51.33
58.484, 24.004, 52.49
58.546, 24.085, 53.65
58.606, 24.166, 54.81
58.664, 24.249, 55.97
58.721, 24.333, 57.13
58.776, 24.418, 58.29
58.829, 24.504, 59.46
58.880, 24.592, 60.62
58.930, 24.680, 61.78
58.978, 24.769, 62.94
59.024, 24.860, 64.10
59.068, 24.951, 65.26
59.111, 25.043, 66.42
59.151, 25.136, 67.58
59.190, 25.229, 68.74
59.227, 25.324, 69.91
59.261, 25.419, 71.07
59.294, 25.515, 72.23
59.325, 25.611, 73.39
59.354, 25.708, 74.55
59.381, 25.806, 75.71
59.406, 25.904, 76.87
59.429, 26.003, 78.03
59.450, 26.102, 79.19
59.469, 26.201, 80.36
59.486, 26.301, 81.52
59.501, 26.401, 82.68
59.514, 26.502, -3.40
92.122, 24.567, 98.18
91.410, 29.516, -177.11
10.000, 25.412, 0.00
92.000, 25.412, -178.31
48.602, 24.133, 93.00
48.597, 24.234, 94.16
48.590, 24.335, 95.32
48.580, 24.436, 96.48
48.569, 24.536, 97.64
48.555, 24.636, 98.79
48.540, 24.736, 99.95
48.522, 24.836, 101.11
48.503, 24.935, 102.27
48.482, 25.034, 103.43
48.458, 25.132, 104.59
48.433, 25.230, 105.74
48.405, 25.327, 106.90
48.376, 25.424, 108.06
48.344, 25.520, 109.22
48.311, 25.615, 110.38
48.276, 25.710, 111.53
48.239, 25.804, 112.69
48.200, 25.897, 113.85
48.159, 25.990, 115.01
48.116, 26.081, 116.17
48.072, 26.172, 117.33
48.025, 26.262, 118.48
47.977, 26.351, 119.64
47.927, 26.439, 120.80
47.875, 26.526, 121.96
47.822, 26.611, 123.12
47.767, 26.696, 124.28
47.710, 26.779, 125.43
47.651, 26.862, 126.59
47.591, 26.943, 127.75
47.529, 27.023, 128.91
47.466, 27.102, 130.07
47.400, 27.179, 131.22
47.334, 27.255, 132.38
47.266, 27.330, 133.54
47.196, 27.403, 134.70
47.125, 27.475, 135.86
47.052, 27.545, 137.02
46.979, 27.614, 138.17
46.903, 27.681, 139.33
46.827, 27.747, 140.49
46.749, 27.812, 141.65
46.669, 27.874, 142.81
46.589, 27.935, 143.97
46.507, 27.995, 145.12
46.424, 28.053, 146.28
46.340, 28.109, 147.44
46.255, 28.163, 148.60
46.169, 28.216, 149.76
46.081, 28.267, 150.92
45.993, 28.316, 152.07
45.904, 28.363, 153.23
45.813, 28.409, 154.39
45.722, 28.452, 155.55
45.630, 28.494, 156.71
45.537, 28.534, 157.86
45.444, 28.572, 159.02
45.349, 28.608, 160.18
45.254, 28.643, 161.34
45.159, 28.675, 162.50
45.062, 28.705, 163.66
44.965, 28.734, 164.81
44.868, 28.760, 165.97
44.770, 28.785, 167.13
44.671, 28.807, 168.29
44.572, 28.828, 169.45
44.473, 28.846, 170.61
44.373, 28.863, 171.76
44.273, 28.877, 172.92
44.173, 28.890, 174.08
44.072, 28.900, 175.24
43.971, 28.909, 176.40
43.871, 28.915, 177.55
43.770, 28.919, 178.71
43.668, 28.922, 179.87
43.567, 28.922, -178.97
43.466, 28.920, -177.81
43.365, 28.916, -176.65
43.264, 28.910, -175.50
43.164, 28.902, -174.34
43.063, 28.892, -173.18
42.963, 28.880, -172.02
42.863, 28.866, -170.86
42.763, 28.850, -169.70
42.663, 28.832, -168.55
42.564, 28.812, -167.39
42.466, 28.790, -166.23
42.368, 28.766, -165.07
42.270, 28.740, -163.91
42.173, 28.712, -162.75
42.076, 28.682, -161.60
41.980, 28.650, -160.44
41.885, 28.616, -159.28
41.791, 28.580, -158.12
41.697, 28.543, -156.96
41.604, 28.503, -155.81
41.512, 28.462, -154.65
41.420, 28.419, -153.49
41.330, 28.373, -152.33
41.240, 28.326, -151.17
41.152, 28.278, -150.01
41.064, 28.227, -148.86
40.978, 28.175, -147.70
40.892, 28.121, -146.54
40.808, 28.065, -145.38
40.725, 28.008, -144.22
40.643, 27.949, -143.06
40.562, 27.888, -141.91
40.482, 27.826, -140.75
40.404, 27.762, -139.59
40.327, 27.696, -138.43
40.252, 27.629, -137.27
40.177, 27.560, -136.12
40.104, 27.490, -134.96
40.033, 27.419, -133.80
39.963, 27.346, -132.64
39.895, 27.272, -131.48
39.828, 27.196, -130.32
39.762, 27.119, -129.17
39.698, 27.040, -128.01
39.636, 26.961, -126.85
39.576, 26.880, -125.69
39.517, 26.798, -124.53
39.459, 26.715, -123.37
39.404, 26.630, -122.22
39.350, 26.545, -121.06
39.298, 26.458, -119.90
39.247, 26.370, -118.74
39.199, 26.282, -117.58
39.152, 26.192, -116.42
39.107, 26.102, -115.27
39.064, 26.010, -114.11
39.022, 25.918, -112.95
38.983, 25.825, -111.79
38.946, 25.731, -110.63
38.910, 25.637, -109.48
38.876, 25.541, -108.32
38.844, 25.445, -107.16
38.815, 25.349, -106.00
38.787, 25.252, -104.84
38.761, 25.154, -103.68
38.737, 25.056, -102.53
38.715, 24.957, -101.37
38.695, 24.858, 171.77
7.878, 29.316, -81.82
8.590, 24.367, 2.89
90.000, 28.471, 180.00
5.000, 28.471, 5.39
49.577, 32.678, -83.36
49.588, 32.578, -82.19
49.602, 32.477, -81.03
49.618, 32.377, -79.87
49.636, 32.278, -78.71
49.656, 32.178, -77.55
49.677, 32.079, -76.39
49.701, 31.981, -75.23
49.727, 31.883, -74.07
49.755, 31.785, -72.91
49.785, 31.689, -71.74
49.816, 31.592, -70.58
49.850, 31.497, -69.42
49.886, 31.402, -68.26
49.923, 31.308, -67.10
49.963, 31.214, -65.94
50.004, 31.122, -64.78
50.047, 31.030, -63.62
50.092, 30.939, -62.46
50.139, 30.850, -61.29
50.188, 30.761, -60.13
50.238, 30.673, -58.97
50.290, 30.586, -57.81
50.344, 30.500, -56.65
50.400, 30.416, -55.49
50.457, 30.332, -54.33
50.517, 30.250, -53.17
50.577, 30.169, -52.01
50.640, 30.089, -50.85
50.704, 30.010, -49.68
50.769, 29.933, -48.52
50.836, 29.857, -47.36
50.905, 29.783, -46.20
50.975, 29.710, -45.04
51.047, 29.638, -43.88
51.120, 29.568, -42.72
51.194, 29.499, -41.56
51.270, 29.432, -40.40
51.347, 29.366, -39.23
51.426, 29.302, -38.07
51.505, 29.239, -36.91
51.586, 29.179, -35.75
51.669, 29.119, -34.59
51.752, 29.062, -33.43
51.837, 29.006, -32.27
51.922, 28.952, -31.11
52.009, 28.900, -29.95
52.097, 28.849, -28.79
52.186, 28.800, -27.62
52.275, 28.753, -26.46
52.366, 28.708, -25.30
52.458, 28.665, -24.14
52.550, 28.623, -22.98
52.643, 28.584, -21.82
52.737, 28.546, -20.66
52.832, 28.510, -19.50
52.928, 28.477, -18.34
53.024, 28.445, -17.17
53.121, 28.415, -16.01
53.218, 28.387, -14.85
53.316, 28.361, -13.69
53.415, 28.337, -12.53
53.513, 28.315, -11.37
53.613, 28.295, -10.21
53.712, 28.277, -9.05
53.813, 28.261, -7.89
53.913, 28.247, -6.72
54.014, 28.235, -5.56
54.114, 28.226, -4.40
54.215, 28.218, -3.24
54.317, 28.212, -2.08
54.418, 28.208, -0.92
54.519, 28.207, 0.24
54.620, 28.207, 1.40
54.722, 28.210, 2.56
54.823, 28.214, 3.72
54.924, 28.221, 4.89
55.025, 28.229, 6.05
55.126, 28.240, 7.21
55.226, 28.253, 8.37
55.327, 28.267, 9.53
55.426, 28.284, 10.69
55.526, 28.303, 11.85
55.625, 28.324, 13.01
55.724, 28.347, 14.17
55.822, 28.371, 15.34
55.920, 28.398, 16.50
56.017, 28.427, 17.66
56.114, 28.458, 18.82
56.209, 28.490, 19.98
56.305, 28.525, 21.14
56.399, 28.562, 22.30
56.493, 28.600, 23.46
56.586, 28.640, 24.62
56.678, 28.683, 25.79
56.769, 28.727, 26.95
56.859, 28.773, 28.11
56.949, 28.820, 29.27
57.037, 28.870, 30.43
57.125, 28.921, 31.59
57.211, 28.974, 32.75
57.296, 29.029, 33.91
57.380, 29.086, 35.07
57.463, 29.144, 36.23
57.545, 29.204, 37.40
57.625, 29.265, 38.56
57.705, 29.328, 39.72
57.783, 29.393, 40.88
57.859, 29.459, 42.04
57.934, 29.527, 43.20
58.008, 29.597, 44.36
58.081, 29.668, 45.52
58.152, 29.740, 46.68
58.221, 29.814, 47.85
58.289, 29.889, 49.01
58.356, 29.965, 50.17
58.421, 30.043, 51.33
58.484, 30.122, 52.49
58.546, 30.202, 53.65
58.606, 30.284, 54.81
58.664, 30.367, 55.97
58.721, 30.451, 57.13
58.776, 30.536, 58.29
58.829, 30.622, 59.46
58.880, 30.709, 60.62
58.930, 30.798, 61.78
58.978, 30.887, 62.94
59.024, 30.977, 64.10
59.068, 31.068, 65.26
59.111, 31.160, 66.42
59.151, 31.253, 67.58
59.190, 31.347, 68.74
59.227, 31.441, 69.91
59.261, 31.536, 71.07
59.294, 31.632, 72.23
59.325, 31.729, 73.39
59.354, 31.826, 74.55
59.381, 31.924, 75.71
59.406, 32.022, 76.87
59.429, 32.120, 78.03
59.450, 32.219, 79.19
59.469, 32.319, 80.36
59.486, 32.419, 81.52
59.501, 32.519, 82.68
59.514, 32.620, -3.40
92.122, 30.684, 98.18
91.410, 35.633, -177.11
10.000, 31.529, 0.00
92.000, 31.529, -178.31
48.602, 30.251, 93.00
48.597, 30.352, 94.16
48.590, 30.453, 95.32
48.580, 30.553, 96.48
48.569, 30.654, 97.64
48.555, 30.754, 98.79
48.540, 30.854, 99.95
48.522, 30.953, 101.11
48.503, 31.053, 102.27
48.482, 31.151, 103.43
48.458, 31.250, 104.59
48.433, 31.348, 105.74
48.405, 31.445, 106.90
48.376, 31.542, 108.06
48.344, 31.638, 109.22
48.311, 31.733, 110.38
48.276, 31.828, 111.53
48.239, 31.922, 112.69
48.200, 32.015, 113.85
48.159, 32.108, 115.01
48.116, 32.199, 116.17
48.072, 32.290, 117.33
48.025, 32.380, 118.48
47.977, 32.468, 119.64
47.927, 32.556, 120.80
47.875, 32.643, 121.96
47.822, 32.729, 123.12
47.767, 32.814, 124.28
47.710, 32.897, 125.43
47.651, 32.979, 126.59
47.591, 33.061, 127.75
47.529, 33.141, 128.91
47.466, 33.219, 130.07
47.400, 33.297, 131.22
47.334, 33.373, 132.38
47.266, 33.447, 133.54
47.196, 33.520, 134.70
47.125, 33.592, 135.86
47.052, 33.663, 137.02
46.979, 33.732, 138.17
46.903, 33.799, 139.33
46.827, 33.865, 140.49
46.749, 33.929, 141.65
46.669, 33.992, 142.81
46.589, 34.053, 143.97
46.507, 34.112, 145.12
46.424, 34.170, 146.28
46.340, 34.226, 147.44
46.255, 34.281, 148.60
46.169, 34.333, 149.76
46.081, 34.384, 150.92
45.993, 34.433, 152.07
45.904, 34.481, 153.23
45.813, 34.526, 154.39
45.722, 34.570, 155.55
45.630, 34.612, 156.71
45.537, 34.652, 157.86
45.444, 34.690, 159.02
45.349, 34.726, 160.18
45.254, 34.760, 161.34
45.159, 34.793, 162.50
45.062, 34.823, 163.66
44.965, 34.852, 164.81
44.868, 34.878, 165.97
44.770, 34.903, 167.13
44.671, 34.925, 168.29
44.572, 34.946, 169.45
44.473, 34.964, 170.61
44.373, 34.981, 171.76
44.273, 34.995, 172.92
44.173, 35.007, 174.08
44.072, 35.018, 175.24
43.971, 35.026, 176.40
43.871, 35.033, 177.55
43.770, 35.037, 178.71
43.668, 35.039, 179.87
43.567, 35.039, -178.97
43.466, 35.038, -177.81
43.365, 35.034, -176.65
43.264, 35.028, -175.50
43.164, 35.020, -174.34
43.063, 35.010, -173.18
42.963, 34.998, -172.02
42.863, 34.984, -170.86
42.763, 34.968, -169.70
42.663, 34.950, -168.55
42.564, 34.930, -167.39
42.466, 34.908, -166.23
42.368, 34.884, -165.07
42.270, 34.858, -163.91
42.173, 34.830, -162.75
42.076, 34.800, -161.60
41.980, 34.768, -160.44
41.885, 34.734, -159.28
41.791, 34.698, -158.12
41.697, 34.660, -156.96
41.604, 34.621, -155.81
41.512, 34.579, -154.65
41.420, 34.536, -153.49
41.330, 34.491, -152.33
41.240, 34.444, -151.17
41.152, 34.395, -150.01
41.064, 34.345, -148.86
40.978, 34.293, -147.70
40.892, 34.239, -146.54
40.808, 34.183, -145.38
40.725, 34.125, -144.22
40.643, 34.066, -143.06
40.562, 34.006, -141.91
40.482, 33.943, -140.75
40.404, 33.879, -139.59
40.327, 33.814, -138.43
40.252, 33.747, -137.27
40.177, 33.678, -136.12
40.104, 33.608, -134.96
40.033, 33.537, -133.80
39.963, 33.464, -132.64
39.895, 33.389, -131.48
39.828, 33.314, -130.32
39.762, 33.236, -129.17
39.698, 33.158, -128.01
39.636, 33.078, -126.85
39.576, 32.998, -125.69
39.517, 32.915, -124.53
39.459, 32.832, -123.37
39.404, 32.748, -122.22
39.350, 32.662, -121.06
39.298, 32.576, -119.90
39.247, 32.488, -118.74
39.199, 32.399, -117.58
39.152, 32.310, -116.42
39.107, 32.219, -115.27
39.064, 32.128, -114.11
39.022, 32.036, -112.95
38.983, 31.943, -111.79
38.946, 31.849, -110.63
38.910, 31.754, -109.48
38.876, 31.659, -108.32
38.844, 31.563, -107.16
38.815, 31.466, -106.00
38.787, 31.369, -104.84
38.761, 31.272, -103.68
38.737, 31.173, -102.53
38.715, 31.075, -101.37
38.695, 30.976, 171.77
7.878, 35.433, -81.82
8.590, 30.484, 2.89
90.000, 34.588, 180.00
5.000, 34.588, 5.39
49.577, 38.796, -83.36
49.588, 38.695, -82.19
49.602, 38.595, -81.03
49.618, 38.495, -79.87
49.636, 38.395, -78.71
49.656, 38.296, -77.55
49.677, 38.197, -76.39
49.701, 38.098, -75.23
49.727, 38.000, -74.07
49.755, 37.903, -72.91
49.785, 37.806, -71.74
49.816, 37.710, -70.58
49.850, 37.614, -69.42
49.886, 37.520, -68.26
49.923, 37.425, -67.10
49.963, 37.332, -65.94
50.004, 37.240, -64.78
50.047, 37.148, -63.62
50.092, 37.057, -62.46
50.139, 36.967, -61.29
50.188, 36.878, -60.13
50.238, 36.791, -58.97
50.290, 36.704, -57.81
50.344, 36.618, -56.65
50.400, 36.533, -55.49
50.457, 36.450, -54.33
50.517, 36.368, -53.17
50.577, 36.286, -52.01
50.640, 36.207, -50.85
50.704, 36.128, -49.68
50.769, 36.051, -48.52
50.836, 35.975, -47.36
50.905, 35.900, -46.20
50.975, 35.827, -45.04
51.047, 35.756, -43.88
51.120, 35.685, -42.72
51.194, 35.617, -41.56
51.270, 35.549, -40.40
51.347, 35.484, -39.23
51.426, 35.420, -38.07
51.505, 35.357, -36.91
51.586, 35.296, -35.75
51.669, 35.237, -34.59
51.752, 35.180, -33.43
51.837, 35.124, -32.27
51.922, 35.070, -31.11
52.009, 35.017, -29.95
52.097, 34.967, -28.79
52.186, 34.918, -27.62
52.275, 34.871, -26.46
52.366, 34.826, -25.30
52.458, 34.782, -24.14
52.550, 34.741, -22.98
52.643, 34.701, -21.82
52.737, 34.664, -20.66
52.832, 34.628, -19.50
52.928, 34.594, -18.34
53.024, 34.562, -17.17
53.121, 34.532, -16.01
53.218, 34.505, -14.85
53.316, 34.479, -13.69
53.415, 34.455, -12.53
53.513, 34.433, -11.37
53.613, 34.413, -10.21
53.712, 34.395, -9.05
53.813, 34.379, -7.89
53.913, 34.365, -6.72
54.014, 34.353, -5.56
54.114, 34.343, -4.40
54.215, 34.335, -3.24
54.317, 34.330, -2.08
54.418, 34.326, -0.92
54.519, 34.324, 0.24
54.620, 34.325, 1.40
54.722, 34.327, 2.56
54.823, 34.332, 3.72
54.924, 34.338, 4.89
55.025, 34.347, 6.05
55.126, 34.358, 7.21
55.226, 34.370, 8.37
55.327, 34.385, 9.53
55.426, 34.402, 10.69
55.526, 34.421, 11.85
55.625, 34.442, 13.01
55.724, 34.464, 14.17
55.822, 34.489, 15.34
55.920, 34.516, 16.50
56.017, 34.545, 17.66
56.114, 34.575, 18.82
56.209, 34.608, 19.98
56.305, 34.643, 21.14
56.399, 34.679, 22.30
56.493, 34.718, 23.46
56.586, 34.758, 24.62
56.678, 34.800, 25.79
56.769, 34.844, 26.95
56.859, 34.890, 28.11
56.949, 34.938, 29.27
57.037, 34.988, 30.43
57.125, 35.039, 31.59
57.211, 35.092, 32.75
57.296, 35.147, 33.91
57.380, 35.203, 35.07
57.463, 35.262, 36.23
57.545, 35.321, 37.40
57.625, 35.383, 38.56
57.705, 35.446, 39.72
57.783, 35.511, 40.88
57.859, 35.577, 42.04
57.934, 35.645, 43.20
58.008, 35.714, 44.36
58.081, 35.785, 45.52
58.152, 35.857, 46.68
58.221, 35.931, 47.85
58.289, 36.006, 49.01
58.356, 36.083, 50.17
58.421, 36.161, 51.33
58.484, 36.240, 52.49
58.546, 36.320, 53.65
58.606, 36.402, 54.81
58.664, 36.484, 55.97
58.721, 36.568, 57.13
58.776, 36.654, 58.29
58.829, 36.740, 59.46
58.880, 36.827, 60.62
58.930, 36.915, 61.78
58.978, 37.005, 62.94
59.024, 37.095, 64.10
59.068, 37.186, 65.26
59.111, 37.278, 66.42
59.151, 37.371, 67.58
59.190, 37.464, 68.74
59.227, 37.559, 69.91
59.261, 37.654, 71.07
59.294, 37.750, 72.23
59.325, 37.846, 73.39
59.354, 37.943, 74.55
59.381, 38.041, 75.71
59.406, 38.139, 76.87
59.429, 38.238, 78.03
59.450, 38.337, 79.19
59.469, 38.437, 80.36
59.486, 38.537, 81.52
59.501, 38.637, 82.68
59.514, 38.737, -3.40
92.122, 36.802, 98.18
91.410, 41.751, -177.11
10.000, 37.647, 0.00
92.000, 37.647, -178.31
48.602, 36.369, 93.00
48.597, 36.470, 94.16
48.590, 36.570, 95.32
48.580, 36.671, 96.48
48.569, 36.772, 97.64
48.555, 36.872, 98.79
48.540, 36.972, 99.95
48.522, 37.071, 101.11
48.503, 37.170, 102.27
48.482, 37.269, 103.43
48.458, 37.367, 104.59
48.433, 37.465, 105.74
48.405, 37.562, 106.90
48.376, 37.659, 108.06
48.344, 37.755, 109.22
48.311, 37.851, 110.38
48.276, 37.945, 111.53
48.239, 38.040, 112.69
48.200, 38.133, 113.85
48.159, 38.225, 115.01
48.116, 38.317, 116.17
48.072, 38.408, 117.33
48.025, 38.497, 118.48
47.977, 38.586, 119.64
47.927, 38.674, 120.80
47.875, 38.761, 121.96
47.822, 38.847, 123.12
47.767, 38.931, 124.28
47.710, 39.015, 125.43
47.651, 39.097, 126.59
47.591, 39.178, 127.75
47.529, 39.258, 128.91
47.466, 39.337, 130.07
47.400, 39.414, 131.22
47.334, 39.490, 132.38
47.266, 39.565, 133.54
47.196, 39.638, 134.70
47.125, 39.710, 135.86
47.052, 39.780, 137.02
46.979, 39.849, 138.17
46.903, 39.917, 139.33
46.827, 39.983, 140.49
46.749, 40.047, 141.65
46.669, 40.110, 142.81
46.589, 40.171, 143.97
46.507, 40.230, 145.12
46.424, 40.288, 146.28
46.340, 40.344, 147.44
46.255, 40.398, 148.60
46.169, 40.451, 149.76
46.081, 40.502, 150.92
45.993, 40.551, 152.07
45.904, 40.598, 153.23
45.813, 40.644, 154.39
45.722, 40.688, 155.55
45.630, 40.729, 156.71
45.537, 40.769, 157.86
45.444, 40.808, 159.02
45.349, 40.844, 160.18
45.254, 40.878, 161.34
45.159, 40.910, 162.50
45.062, 40.941, 163.66
44.965, 40.969, 164.81
44.868, 40.996, 165.97
44.770, 41.020, 167.13
44.671, 41.043, 168.29
44.572, 41.063, 169.45
44.473, 41.082, 170.61
44.373, 41.098, 171.76
44.273, 41.113, 172.92
44.173, 41.125, 174.08
44.072, 41.136, 175.24
43.971, 41.144, 176.40
43.871, 41.150, 177.55
43.770, 41.155, 178.71
43.668, 41.157, 179.87
43.567, 41.157, -178.97
43.466, 41.155, -177.81
43.365, 41.151, -176.65
43.264, 41.146, -175.50
43.164, 41.138, -174.34
43.063, 41.128, -173.18
42.963, 41.116, -172.02
42.863, 41.102, -170.86
42.763, 41.086, -169.70
42.663, 41.067, -168.55
42.564, 41.047, -167.39
42.466, 41.025, -166.23
42.368, 41.001, -165.07
42.270, 40.975, -163.91
42.173, 40.947, -162.75
42.076, 40.917, -161.60
41.980, 40.885, -160.44
41.885, 40.852, -159.28
41.791, 40.816, -158.12
41.697, 40.778, -156.96
41.604, 40.739, -155.81
41.512, 40.697, -154.65
41.420, 40.654, -153.49
41.330, 40.609, -152.33
41.240, 40.562, -151.17
41.152, 40.513, -150.01
41.064, 40.463, -148.86
40.978, 40.410, -147.70
40.892, 40.356, -146.54
40.808, 40.301, -145.38
40.725, 40.243, -144.22
40.643, 40.184, -143.06
40.562, 40.123, -141.91
40.482, 40.061, -140.75
40.404, 39.997, -139.59
40.327, 39.931, -138.43
40.252, 39.864, -137.27
40.177, 39.796, -136.12
40.104, 39.726, -134.96
40.033, 39.654, -133.80
39.963, 39.581, -132.64
39.895, 39.507, -131.48
39.828, 39.431, -130.32
39.762, 39.354, -129.17
39.698, 39.276, -128.01
39.636, 39.196, -126.85
39.576, 39.115, -125.69
39.517, 39.033, -124.53
39.459, 38.950, -123.37
39.404, 38.865, -122.22
39.350, 38.780, -121.06
39.298, 38.693, -119.90
39.247, 38.606, -118.74
39.199, 38.517, -117.58
39.152, 38.428, -116.42
39.107, 38.337, -115.27
39.064, 38.246, -114.11
39.022, 38.153, -112.95
38.983, 38.060, -111.79
38.946, 37.966, -110.63
38.910, 37.872, -109.48
38.876, 37.777, -108.32
38.844, 37.681, -107.16
38.815, 37.584, -106.00
38.787, 37.487, -104.84
38.761, 37.389, -103.68
38.737, 37.291, -102.53
38.715, 37.192, -101.37
38.695, 37.093, 171.77
7.878, 41.551, -81.82
8.590, 36.602, 2.89
90.000, 40.706, 180.00
5.000, 40.706, 5.39
49.577, 44.914, -83.36
49.588, 44.813, -82.19
49.602, 44.713, -81.03
49.618, 44.613, -79.87
49.636, 44.513, -78.71
49.656, 44.413, -77.55
49.677, 44.315, -76.39
49.701, 44.216, -75.23
49.727, 44.118, -74.07
49.755, 44.021, -72.91
49.785, 43.924, -71.74
49.816, 43.828, -70.58
49.850, 43.732, -69.42
49.886, 43.637, -68.26
49.923, 43.543, -67.10
49.963, 43.450, -65.94
50.004, 43.357, -64.78
50.047, 43.266, -63.62
50.092, 43.175, -62.46
50.139, 43.085, -61.29
50.188, 42.996, -60.13
50.238, 42.908, -58.97
50.290, 42.821, -57.81
50.344, 42.736, -56.65
50.400, 42.651, -55.49
50.457, 42.568, -54.33
50.517, 42.485, -53.17
50.577, 42.404, -52.01
50.640, 42.324, -50.85
50.704, 42.246, -49.68
50.769, 42.168, -48.52
50.836, 42.093, -47.36
50.905, 42.018, -46.20
50.975, 41.945, -45.04
51.047, 41.873, -43.88
51.120, 41.803, -42.72
51.194, 41.734, -41.56
51.270, 41.667, -40.40
51.347, 41.601, -39.23
51.426, 41.537, -38.07
51.505, 41.475, -36.91
51.586, 41.414, -35.75
51.669, 41.355, -34.59
51.752, 41.297, -33.43
51.837, 41.241, -32.27
51.922, 41.187, -31.11
52.009, 41.135, -29.95
52.097, 41.084, -28.79
52.186, 41.036, -27.62
52.275, 40.989, -26.46
52.366, 40.943, -25.30
52.458, 40.900, -24.14
52.550, 40.859, -22.98
52.643, 40.819, -21.82
52.737, 40.781, -20.66
52.832, 40.746, -19.50
52.928, 40.712, -18.34
53.024, 40.680, -17.17
53.121, 40.650, -16.01
53.218, 40.622, -14.85
53.316, 40.596, -13.69
53.415, 40.572, -12.53
53.513, 40.550, -11.37
53.613, 40.530, -10.21
53.712, 40.512, -9.05
53.813, 40.496, -7.89
53.913, 40.482, -6.72
54.014, 40.471, -5.56
54.114, 40.461, -4.40
54.215, 40.453, -3.24
54.317, 40.447, -2.08
54.418, 40.444, -0.92
54.519, 40.442, 0.24
54.620, 40.442, 1.40
54.722, 40.445, 2.56
54.823, 40.449, 3.72
54.924, 40.456, 4.89
55.025, 40.465, 6.05
55.126, 40.475, 7.21
55.226, 40.488, 8.37
55.327, 40.503, 9.53
55.426, 40.520, 10.69
55.526, 40.538, 11.85
55.625, 40.559, 13.01
55.724, 40.582, 14.17
55.822, 40.607, 15.34
55.920, 40.634, 16.50
56.017, 40.662, 17.66
56.114, 40.693, 18.82
56.209, 40.726, 19.98
56.305, 40.760, 21.14
56.399, 40.797, 22.30
56.493, 40.835, 23.46
56.586, 40.876, 24.62
56.678, 40.918, 25.79
56.769, 40.962, 26.95
56.859, 41.008, 28.11
56.949, 41.056, 29.27
57.037, 41.105, 30.43
57.125, 41.157, 31.59
57.211, 41.210, 32.75
57.296, 41.264, 33.91
57.380, 41.321, 35.07
57.463, 41.379, 36.23
57.545, 41.439, 37.40
57.625, 41.501, 38.56
57.705, 41.564, 39.72
57.783, 41.628, 40.88
57.859, 41.695, 42.04
57.934, 41.763, 43.20
58.008, 41.832, 44.36
58.081, 41.903, 45.52
58.152, 41.975, 46.68
58.221, 42.049, 47.85
58.289, 42.124, 49.01
58.356, 42.200, 50.17
58.421, 42.278, 51.33
58.484, 42.357, 52.49
58.546, 42.438, 53.65
58.606, 42.519, 54.81
58.664, 42.602, 55.97
58.721, 42.686, 57.13
58.776, 42.771, 58.29
58.829, 42.857, 59.46
58.880, 42.945, 60.62
58.930, 43.033, 61.78
58.978, 43.122, 62.94
59.024, 43.212, 64.10
59.068, 43.304, 65.26
59.111, 43.396, 66.42
59.151, 43.488, 67.58
59.190, 43.582, 68.74
59.227, 43.677, 69.91
59.261, 43.772, 71.07
59.294, 43.868, 72.23
59.325, 43.964, 73.39
59.354, 44.061, 74.55
59.381, 44.159, 75.71
59.406, 44.257, 76.87
59.429, 44.356, 78.03
59.450, 44.455, 79.19
59.469, 44.554, 80.36
59.486, 44.654, 81.52
59.501, 44.754, 82.68
59.514, 44.855, -3.40
92.122, 42.920, 98.18
91.410, 47.869, -177.11
10.000, 43.765, 0.00
92.000, 43.765, -178.31
48.602, 42.486, 93.00
48.597, 42.587, 94.16
48.590, 42.688, 95.32
48.580, 42.789, 96.48
48.569, 42.889, 97.64
48.555, 42.989, 98.79
48.540, 43.089, 99.95
48.522, 43.189, 101.11
48.503, 43.288, 102.27
48.482, 43.387, 103.43
48.458, 43.485, 104.59
48.433, 43.583, 105.74
48.405, 43.680, 106.90
48.376, 43.777, 108.06
48.344, 43.873, 109.22
48.311, 43.968, 110.38
48.276, 44.063, 111.53
48.239, 44.157, 112.69
48.200, 44.250, 113.85
48.159, 44.343, 115.01
48.116, 44.434, 116.17
48.072, 44.525, 117.33
48.025, 44.615, 118.48
47.977, 44.704, 119.64
47.927, 44.792, 120.80
47.875, 44.878, 121.96
47.822, 44.964, 123.12
47.767, 45.049, 124.28
47.710, 45.132, 125.43
47.651, 45.215, 126.59
47.591, 45.296, 127.75
47.529, 45.376, 128.91
47.466, 45.454, 130.07
47.400, 45.532, 131.22
47.334, 45.608, 132.38
47.266, 45.682, 133.54
47.196, 45.756, 134.70
47.125, 45.828, 135.86
47.052, 45.898, 137.02
46.979, 45.967, 138.17
46.903, 46.034, 139.33
46.827, 46.100, 140.49
46.749, 46.164, 141.65
46.669, 46.227, 142.81
46.589, 46.288, 143.97
46.507, 46.348, 145.12
46.424, 46.406, 146.28
46.340, 46.462, 147.44
46.255, 46.516, 148.60
46.169, 46.569, 149.76
46.081, 46.620, 150.92
45.993, 46.669, 152.07
45.904, 46.716, 153.23
45.813, 46.762, 154.39
45.722, 46.805, 155.55
45.630, 46.847, 156.71
45.537, 46.887, 157.86
45.444, 46.925, 159.02
45.349, 46.961, 160.18
45.254, 46.996, 161.34
45.159, 47.028, 162.50
45.062, 47.058, 163.66
44.965, 47.087, 164.81
44.868, 47.113, 165.97
44.770, 47.138, 167.13
44.671, 47.160, 168.29
44.572, 47.181, 169.45
44.473, 47.199, 170.61
44.373, 47.216, 171.76
44.273, 47.230, 172.92
44.173, 47.243, 174.08
44.072, 47.253, 175.24
43.971, 47.262, 176.40
43.871, 47.268, 177.55
43.770, 47.272, 178.71
43.668, 47.275, 179.87
43.567, 47.275, -178.97
43.466, 47.273, -177.81
43.365, 47.269, -176.65
43.264, 47.263, -175.50
43.164, 47.255, -174.34
43.063, 47.245, -173.18
42.963, 47.233, -172.02
42.863, 47.219, -170.86
42.763, 47.203, -169.70
42.663, 47.185, -168.55
42.564, 47.165, -167.39
42.466, 47.143, -166.23
42.368, 47.119, -165.07
42.270, 47.093, -163.91
42.173, 47.065, -162.75
42.076, 47.035, -161.60
41.980, 47.003, -160.44
41.885, 46.969, -159.28
41.791, 46.933, -158.12
41.697, 46.896, -156.96
41.604, 46.856, -155.81
41.512, 46.815, -154.65
41.420, 46.771, -153.49
41.330, 46.726, -152.33
41.240, 46.679, -151.17
41.152, 46.631, -150.01
41.064, 46.580, -148.86
40.978, 46.528, -147.70
40.892, 46.474, -146.54
40.808, 46.418, -145.38
40.725, 46.361, -144.22
40.643, 46.302, -143.06
40.562, 46.241, -141.91
40.482, 46.179, -140.75
40.404, 46.115, -139.59
40.327, 46.049, -138.43
40.252, 45.982, -137.27
40.177, 45.913, -136.12
40.104, 45.843, -134.96
40.033, 45.772, -133.80
39.963, 45.699, -132.64
39.895, 45.625, -131.48
39.828, 45.549, -130.32
39.762, 45.472, -129.17
39.698, 45.393, -128.01
39.636, 45.314, -126.85
39.576, 45.233, -125.69
39.517, 45.151, -124.53
39.459, 45.068, -123.37
39.404, 44.983, -122.22
39.350, 44.898, -121.06
39.298, 44.811, -119.90
39.247, 44.723, -118.74
39.199, 44.635, -117.58
39.152, 44.545, -116.42
39.107, 44.455, -115.27
39.064, 44.363, -114.11
39.022, 44.271, -112.95
38.983, 44.178, -111.79
38.946, 44.084, -110.63
38.910, 43.989, -109.48
38.876, 43.894, -108.32
38.844, 43.798, -107.16
38.815, 43.702, -106.00
38.787, 43.605, -104.84
38.761, 43.507, -103.68
38.737, 43.409, -102.53
38.715, 43.310, -101.37
38.695, 43.211, 171.77
7.878, 47.669, -81.82
8.590, 42.720, 2.89
90.000, 46.824, 180.00
5.000, 46.824, 5.39
49.577, 51.031, -83.36
49.588, 50.931, -82.19
49.602, 50.830, -81.03
49.618, 50.730, -79.87
49.636, 50.630, -78.71
49.656, 50.531, -77.55
49.677, 50.432, -76.39
49.701, 50.334, -75.23
49.727, 50.236, -74.07
49.755, 50.138, -72.91
49.785, 50.041, -71.74
49.816, 49.945, -70.58
49.850, 49.850, -69.42
49.886, 49.755, -68.26
49.923, 49.661, -67.10
49.963, 49.567, -65.94
50.004, 49.475, -64.78
50.047, 49.383, -63.62
50.092, 49.292, -62.46
50.139, 49.203, -61.29
50.188, 49.114, -60.13
50.238, 49.026, -58.97
50.290, 48.939, -57.81
50.344, 48.853, -56.65
50.400, 48.769, -55.49
50.457, 48.685, -54.33
50.517, 48.603, -53.17
50.577, 48.522, -52.01
50.640, 48.442, -50.85
50.704, 48.363, -49.68
50.769, 48.286, -48.52
50.836, 48.210, -47.36
50.905, 48.136, -46.20
50.975, 48.063, -45.04
51.047, 47.991, -43.88
51.120, 47.921, -42.72
51.194, 47.852, -41.56
51.270, 47.785, -40.40
51.347, 47.719, -39.23
51.426, 47.655, -38.07
51.505, 47.592, -36.91
51.586, 47.532, -35.75
51.669, 47.472, -34.59
51.752, 47.415, -33.43
51.837, 47.359, -32.27
51.922, 47.305, -31.11
52.009, 47.253, -29.95
52.097, 47.202, -28.79
52.186, 47.153, -27.62
52.275, 47.106, -26.46
52.366, 47.061, -25.30
52.458, 47.018, -24.14
52.550, 46.976, -22.98
52.643, 46.937, -21.82
52.737, 46.899, -20.66
52.832, 46.863, -19.50
52.928, 46.830, -18.34
53.024, 46.798, -17.17
53.121, 46.768, -16.01
53.218, 46.740, -14.85
53.316, 46.714, -13.69
53.415, 46.690, -12.53
53.513, 46.668, -11.37
53.613, 46.648, -10.21
53.712, 46.630, -9.05
53.813, 46.614, -7.89
53.913, 46.600, -6.72
54.014, 46.588, -5.56
54.114, 46.578, -4.40
54.215, 46.571, -3.24
54.317, 46.565, -2.08
54.418, 46.561, -0.92
54.519, 46.560, 0.24
54.620, 46.560, 1.40
54.722, 46.563, 2.56
54.823, 46.567, 3.72
54.924, 46.574, 4.89
55.025, 46.582, 6.05
55.126, 46.593, 7.21
55.226, 46.606, 8.37
55.327, 46.620, 9.53
55.426, 46.637, 10.69
55.526, 46.656, 11.85
55.625, 46.677, 13.01
55.724, 46.700, 14.17
55.822, 46.724, 15.34
55.920, 46.751, 16.50
56.017, 46.780, 17.66
56.114, 46.811, 18.82
56.209, 46.843, 19.98
56.305, 46.878, 21.14
56.399, 46.915, 22.30
56.493, 46.953, 23.46
56.586, 46.993, 24.62
56.678, 47.036, 25.79
56.769, 47.080, 26.95
56.859, 47.126, 28.11
56.949, 47.173, 29.27
57.037, 47.223, 30.43
57.125, 47.274, 31.59
57.211, 47.327, 32.75
57.296, 47.382, 33.91
57.380, 47.439, 35.07
57.463, 47.497, 36.23
57.545, 47.557, 37.40
57.625, 47.618, 38.56
57.705, 47.681, 39.72
57.783, 47.746, 40.88
57.859, 47.812, 42.04
57.934, 47.880, 43.20
58.008, 47.950, 44.36
58.081, 48.020, 45.52
58.152, 48.093, 46.68
58.221, 48.166, 47.85
58.289, 48.242, 49.01
58.356, 48.318, 50.17
58.421, 48.396, 51.33
58.484, 48.475, 52.49
58.546, 48.555, 53.65
58.606, 48.637, 54.81
58.664, 48.720, 55.97
58.721, 48.804, 57.13
58.776, 48.889, 58.29
58.829, 48.975, 59.46
58.880, 49.062, 60.62
58.930, 49.151, 61.78
58.978, 49.240, 62.94
59.024, 49.330, 64.10
59.068, 49.421, 65.26
59.111, 49.513, 66.42
59.151, 49.606, 67.58
59.190, 49.700, 68.74
59.227, 49.794, 69.91
59.261, 49.889, 71.07
59.294, 49.985, 72.23
59.325, 50.082, 73.39
59.354, 50.179, 74.55
59.381, 50.276, 75.71
59.406, 50.375, 76.87
59.429, 50.473, 78.03
59.450, 50.572, 79.19
59.469, 50.672, 80.36
59.486, 50.772, 81.52
59.501, 50.872, 82.68
59.514, 50.973, -3.40
92.122, 49.037, 98.18
91.410, 53.986, -177.11
10.000, 49.882, 0.00
92.000, 49.882, -178.31
48.602, 48.604, 93.00
48.597, 48.705, 94.16
48.590, 48.806, 95.32
48.580, 48.906, 96.48
48.569, 49.007, 97.64
48.555, 49.107, 98.79
48.540, 49.207, 99.95
48.522, 49.306, 101.11
48.503, 49.406, 102.27
48.482, 49.504, 103.43
48.458, 49.603, 104.59
48.433, 49.701, 105.74
48.405, 49.798, 106.90
48.376, 49.894, 108.06
48.344, 49.991, 109.22
48.311, 50.086, 110.38
48.276, 50.181, 111.53
48.239, 50.275, 112.69
48.200, 50.368, 113.85
48.159, 50.460, 115.01
48.116, 50.552, 116.17
48.072, 50.643, 117.33
48.025, 50.733, 118.48
47.977, 50.821, 119.64
47.927, 50.909, 120.80
47.875, 50.996, 121.96
47.822, 51.082, 123.12
47.767, 51.167, 124.28
47.710, 51.250, 125.43
47.651, 51.332, 126.59
47.591, 51.414, 127.75
47.529, 51.493, 128.91
47.466, 51.572, 130.07
47.400, 51.649, 131.22
47.334, 51.725, 132.38
47.266, 51.800, 133.54
47.196, 51.873, 134.70
47.125, 51.945, 135.86
47.052, 52.016, 137.02
46.979, 52.085, 138.17
46.903, 52.152, 139.33
46.827, 52.218, 140.49
46.749, 52.282, 141.65
46.669, 52.345, 142.81
46.589, 52.406, 143.97
46.507, 52.465, 145.12
46.424, 52.523, 146.28
46.340, 52.579, 147.44
46.255, 52.634, 148.60
46.169, 52.686, 149.76
46.081, 52.737, 150.92
45.993, 52.786, 152.07
45.904, 52.834, 153.23
45.813, 52.879, 154.39
45.722, 52.923, 155.55
45.630, 52.965, 156.71
45.537, 53.005, 157.86
45.444, 53.043, 159.02
45.349, 53.079, 160.18
45.254, 53.113, 161.34
45.159, 53.146, 162.50
45.062, 53.176, 163.66
44.965, 53.204, 164.81
44.868, 53.231, 165.97
44.770, 53.255, 167.13
44.671, 53.278, 168.29
44.572, 53.298, 169.45
44.473, 53.317, 170.61
44.373, 53.333, 171.76
44.273, 53.348, 172.92
44.173, 53.360, 174.08
44.072, 53.371, 175.24
43.971, 53.379, 176.40
43.871, 53.386, 177.55
43.770, 53.390, 178.71
43.668, 53.392, 179.87
43.567, 53.392, -178.97
43.466, 53.391, -177.81
43.365, 53.387, -176.65
43.264, 53.381, -175.50
43.164, 53.373, -174.34
43.063, 53.363, -173.18
42.963, 53.351, -172.02
42.863, 53.337, -170.86
42.763, 53.321, -169.70
42.663, 53.303, -168.55
42.564, 53.283, -167.39
42.466, 53.261, -166.23
42.368, 53.237, -165.07
42.270, 53.211, -163.91
42.173, 53.183, -162.75
42.076, 53.153, -161.60
41.980, 53.121, -160.44
41.885, 53.087, -159.28
41.791, 53.051, -158.12
41.697, 53.013, -156.96
41.604, 52.974, -155.81
41.512, 52.932, -154.65
41.420, 52.889, -153.49
41.330, 52.844, -152.33
41.240, 52.797, -151.17
41.152, 52.748, -150.01
41.064, 52.698, -148.86
40.978, 52.646, -147.70
40.892, 52.592, -146.54
40.808, 52.536, -145.38
40.725, 52.478, -144.22
40.643, 52.419, -143.06
40.562, 52.359, -141.91
40.482, 52.296, -140.75
40.404, 52.232, -139.59
40.327, 52.167, -138.43
40.252, 52.100, -137.27
40.177, 52.031, -136.12
40.104, 51.961, -134.96
40.033, 51.889, -133.80
39.963, 51.817, -132.64
39.895, 51.742, -131.48
39.828, 51.666, -130.32
39.762, 51.589, -129.17
39.698, 51.511, -128.01
39.636, 51.431, -126.85
39.576, 51.351, -125.69
39.517, 51.268, -124.53
39.459, 51.185, -123.37
39.404, 51.101, -122.22
39.350, 51.015, -121.06
39.298, 50.929, -119.90
39.247, 50.841, -118.74
39.199, 50.752, -117.58
39.152, 50.663, -116.42
39.107, 50.572, -115.27
39.064, 50.481, -114.11
39.022, 50.389, -112.95
38.983, 50.296, -111.79
38.946, 50.202, -110.63
38.910, 50.107, -109.48
38.876, 50.012, -108.32
38.844, 49.916, -107.16
38.815, 49.819, -106.00
38.787, 49.722, -104.84
38.761, 49.624, -103.68
38.737, 49.526, -102.53
38.715, 49.428, -101.37
38.695, 49.328, 171.77
7.878, 53.786, -81.82
8.590, 48.837, 2.89
90.000, 52.941, 180.00
5.000, 52.941, 5.39
49.577, 57.149, -83.36
49.588, 57.048, -82.19
49.602, 56.948, -81.03
49.618, 56.848, -79.87
49.636, 56.748, -78.71
49.656, 56.649, -77.55
49.677, 56.550, -76.39
49.701, 56.451, -75.23
49.727, 56.353, -74.07
49.755, 56.256, -72.91
49.785, 56.159, -71.74
49.816, 56.063, -70.58
49.850, 55.967, -69.42
49.886, 55.872, -68.26
49.923, 55.778, -67.10
49.963, 55.685, -65.94
50.004, 55.593, -64.78
50.047, 55.501, -63.62
50.092, 55.410, -62.46
50.139, 55.320, -61.29
50.188, 55.231, -60.13
50.238, 55.144, -58.97
50.290, 55.057, -57.81
50.344, 54.971, -56.65
50.400, 54.886, -55.49
50.457, 54.803, -54.33
50.517, 54.721, -53.17
50.577, 54.639, -52.01
50.640, 54.560, -50.85
50.704, 54.481, -49.68
50.769, 54.404, -48.52
50.836, 54.328, -47.36
50.905, 54.253, -46.20
50.975, 54.180, -45.04
51.047, 54.108, -43.88
51.120, 54.038, -42.72
51.194, 53.970, -41.56
51.270, 53.902, -40.40
51.347, 53.837, -39.23
51.426, 53.773, -38.07
51.505, 53.710, -36.91
51.586, 53.649, -35.75
51.669, 53.590, -34.59
51.752, 53.532, -33.43
51.837, 53.477, -32.27
51.922, 53.423, -31.11
52.009, 53.370, -29.95
52.097, 53.320, -28.79
52.186, 53.271, -27.62
52.275, 53.224, -26.46
52.366, 53.179, -25.30
52.458, 53.135, -24.14
52.550, 53.094, -22.98
52.643, 53.054, -21.82
52.737, 53.017, -20.66
52.832, 52.981, -19.50
52.928, 52.947, -18.34
53.024, 52.915, -17.17
53.121, 52.885, -16.01
53.218, 52.857, -14.85
53.316, 52.832, -13.69
53.415, 52.808, -12.53
53.513, 52.786, -11.37
53.613, 52.766, -10.21
53.712, 52.748, -9.05
53.813, 52.732, -7.89
53.913, 52.718, -6.72
54.014, 52.706, -5.56
54.114, 52.696, -4.40
54.215, 52.688, -3.24
54.317, 52.683, -2.08
54.418, 52.679, -0.92
54.519, 52.677, 0.24
54.620, 52.678, 1.40
54.722, 52.680, 2.56
54.823, 52.685, 3.72
54.924, 52.691, 4.89
55.025, 52.700, 6.05
55.126, 52.711, 7.21
55.226, 52.723, 8.37
55.327, 52.738, 9.53
55.426, 52.755, 10.69
55.526, 52.774, 11.85
55.625, 52.794, 13.01
55.724, 52.817, 14.17
55.822, 52.842, 15.34
55.920, 52.869, 16.50
56.017, 52.898, 17.66
56.114, 52.928, 18.82
56.209, 52.961, 19.98
56.305, 52.996, 21.14
56.399, 53.032, 22.30
56.493, 53.071, 23.46
56.586, 53.111, 24.62
56.678, 53.153, 25.79
56.769, 53.197, 26.95
56.859, 53.243, 28.11
56.949, 53.291, 29.27
57.037, 53.340, 30.43
57.125, 53.392, 31.59
57.211, 53.445, 32.75
57.296, 53.500, 33.91
57.380, 53.556, 35.07
57.463, 53.614, 36.23
57.545, 53.674, 37.40
57.625, 53.736, 38.56
57.705, 53.799, 39.72
57.783, 53.864, 40.88
57.859, 53.930, 42.04
57.934, 53.998, 43.20
58.008, 54.067, 44.36
58.081, 54.138, 45.52
58.152, 54.210, 46.68
58.221, 54.284, 47.85
58.289, 54.359, 49.01
58.356, 54.436, 50.17
58.421, 54.514, 51.33
58.484, 54.593, 52.49
58.546, 54.673, 53.65
58.606, 54.755, 54.81
58.664, 54.837, 55.97
58.721, 54.921, 57.13
58.776, 55.006, 58.29
58.829, 55.093, 59.46
58.880, 55.180, 60.62
58.930, 55.268, 61.78
58.978, 55.358, 62.94
59.024, 55.448, 64.10
59.068, 55.539, 65.26
59.111, 55.631, 66.42
59.151, 55.724, 67.58
59.190, 55.817, 68.74
59.227, 55.912, 69.91
59.261, 56.007, 71.07
59.294, 56.103, 72.23
59.325, 56.199, 73.39
59.354, 56.296, 74.55
59.381, 56.394, 75.71
59.406, 56.492, 76.87
59.429, 56.591, 78.03
59.450, 56.690, 79.19
59.469, 56.790, 80.36
59.486, 56.889, 81.52
59.501, 56.990, 82.68
59.514, 57.090, -3.40
92.122, 55.155, 98.18
91.410, 60.104, -177.11
10.000, 56.000, 180.00
5.000, 56.000, 180.00
